reserva_id,codigo_reserva,numero_ticket,vuelo_id,pasaporte_comprador,numero_asiento,clase,comida_y_maleta,pasaporte_pasajero
4263,LAT5532-4263,2096,100,V03976673,21,Primera clase,FALSO,V03976673
1722,LRC9669-1722,4435,130,N07672370,4,Economica,FALSO,I07581924
2621,LAW6318-2621,6305,96,I19062847,8,Primera clase,FALSO,F15206543
219,LAW6351-0219,8161,105,L56496275,6,Ejecutiva,FALSO,P34583903
1037,LAT5532-1037,316,100,X66304032,22,Economica,VERDADERO,H23592194
1331,ETA7128-1331,3411,114,V03976673,26,Primera clase,VERDADERO,V03976673
2704,UAN2468-2704,4516,99,X84322989,17,Economica,VERDADERO,C87025090
3978,LUD7177-3978,3856,121,G15489494,3,Economica,FALSO,G15489494
616,ETA6742-0616,7951,120,L87663260,4,Ejecutiva,VERDADERO,J46610530
4160,LRC9669-4160,7946,130,W06120402,25,Primera clase,VERDADERO,U37349664
820,COG4299-0820,3309,129,J34719947,18,Economica,FALSO,J86333952
4470,LRC4743-4470,4133,110,X84322989,18,Economica,VERDADERO,F15206543
2542,BTA8394-2542,7224,128,I19062847,21,Ejecutiva,FALSO,R17782317
4209,XLE7933-4209,157,95,M25657749,19,Economica,VERDADERO,M25657749
2855,LUD5927-2855,8599,102,C87025090,11,Economica,FALSO,T33834498
372,LRC4743-0372,195,110,L87663260,20,Economica,VERDADERO,J86333952
1642,QAF4466-1642,4873,126,V79731274,6,Ejecutiva,FALSO,D76513142
1,XLE7933-0001,8518,95,E44895667,6,Economica,FALSO,E44895667
1433,ADC8249-1433,7289,119,N49905893,3,Ejecutiva,VERDADERO,N49905893
2739,LAT5532-2739,9598,100,R17782317,30,Economica,FALSO,K07643594
692,IBE8751-0692,8254,124,P11550487,30,Ejecutiva,VERDADERO,P11550487
1269,COG7539-1269,5809,111,G04408945,10,Ejecutiva,VERDADERO,J39937043
4772,XLE3285-4772,7700,125,V03976673,20,Economica,FALSO,N15841852
3891,EAL8271-3891,1031,117,J86333952,10,Economica,VERDADERO,O01507856
1037,LAT5532-1037,127,100,X66304032,19,Primera clase,VERDADERO,O41678476
489,NCY5615-0489,385,116,X49704522,18,Ejecutiva,VERDADERO,X49704522
2542,BTA8394-2542,4984,128,I19062847,17,Economica,FALSO,L94336722
1991,UAN2468-1991,5775,99,D84069297,5,Economica,VERDADERO,F70729457
3775,LAM9554-3775,5178,109,V39868007,25,Economica,FALSO,J86333952
4782,QAF4466-4782,6775,126,Y33413387,2,Primera clase,FALSO,G04408945
2844,AZI6476-2844,2170,101,O04335063,6,Economica,FALSO,O04335063
4365,BTA9626-4365,9125,103,D64763364,26,Economica,FALSO,U68917595
4222,LAW6318-4222,5170,96,N49905893,31,Economica,VERDADERO,G04408945
2151,QAF6392-2151,3117,106,Z09262256,6,Ejecutiva,VERDADERO,J46009647
2220,LAM9554-2220,2381,109,L87663260,14,Economica,FALSO,G15489494
4247,UAN2468-4247,9932,99,N49905893,14,Ejecutiva,FALSO,N49905893
2123,IBE2338-2123,1715,104,J46610530,15,Primera clase,VERDADERO,N07672370
2288,NCY5615-2288,8394,116,Y23187711,20,Primera clase,FALSO,Y23187711
629,EAL7933-0629,719,123,I63697476,8,Primera clase,FALSO,Y05451726
2262,COG7539-2262,7979,111,F69466449,20,Economica,VERDADERO,N47846939
2220,LAM9554-2220,8656,109,L87663260,24,Ejecutiva,FALSO,L87663260
4365,BTA9626-4365,7017,103,D64763364,11,Ejecutiva,FALSO,I71542181
3593,AZI6476-3593,550,101,J33947155,7,Primera clase,FALSO,J86333952
3180,KAI3589-3180,5110,115,M25657749,12,Economica,VERDADERO,R10584802
9,LAW6318-0009,2563,96,D84069297,3,Ejecutiva,VERDADERO,F70729457
3739,QAF6392-3739,2154,106,H44001820,11,Ejecutiva,VERDADERO,J47009281
4437,UAN2881-4437,6065,108,J46610530,8,Ejecutiva,VERDADERO,J46610530
3739,QAF6392-3739,4968,106,H44001820,23,Economica,FALSO,H44001820
2855,LUD5927-2855,8734,102,C87025090,7,Economica,FALSO,D39176940
807,BTA8394-0807,542,128,D76513142,22,Economica,VERDADERO,O41678476
873,KAI7891-0873,6730,133,Y05451726,6,Economica,VERDADERO,W06120402
4222,LAW6318-4222,7235,96,N49905893,5,Ejecutiva,FALSO,H44001820
3891,EAL8271-3891,3393,117,J86333952,16,Primera clase,FALSO,T72132858
1991,UAN2468-1991,2581,99,D84069297,12,Economica,FALSO,J86333952
4669,MPH1782-4669,9662,118,Z09262256,28,Ejecutiva,VERDADERO,Z09262256
1037,LAT5532-1037,6391,100,X66304032,12,Economica,VERDADERO,T33834498
2504,XLE3285-2504,815,125,L87663260,22,Ejecutiva,FALSO,G04408945
2704,UAN2468-2704,5177,99,X84322989,8,Economica,VERDADERO,C63211080
1422,EAL8271-1422,6731,117,L87663260,15,Economica,VERDADERO,N49905893
3366,IBE8751-3366,2248,124,D46250570,6,Primera clase,VERDADERO,O01507856
4265,AZI6476-4265,3175,101,Q62966391,23,Economica,VERDADERO,C87025090
231,UAN2881-0231,936,108,N68461604,6,Ejecutiva,FALSO,P11550487
2218,UAN2881-2218,6134,108,L97895867,11,Ejecutiva,VERDADERO,L97895867
2964,UCA4751-2964,9087,107,Y88079794,14,Economica,VERDADERO,T59160871
3845,KAI3589-3845,8358,115,G15489494,27,Economica,VERDADERO,Y13424296
1618,IBE8751-1618,4807,124,N47846939,29,Ejecutiva,VERDADERO,V79731274
2910,LAW6351-2910,6732,105,V79731274,23,Primera clase,VERDADERO,O01507856
2540,ADC6283-2540,2589,127,T18212951,15,Primera clase,VERDADERO,Q62966391
3231,NCY5615-3231,2945,116,A40223024,14,Economica,VERDADERO,O85238546
2280,ETA7128-2280,704,114,N24258653,23,Economica,VERDADERO,H23592194
3588,UAN2468-3588,5215,99,P34583903,31,Primera clase,FALSO,T33834498
4150,BTA8394-4150,2391,128,N15841852,31,Economica,VERDADERO,N24258653
4660,EAL8271-4660,83,117,V79731274,18,Primera clase,VERDADERO,V79731274
3536,XLE7933-3536,2341,95,G04408945,11,Primera clase,FALSO,J34719947
2875,BTA9626-2875,8601,103,G15489494,5,Ejecutiva,FALSO,F70729457
1726,LAM9574-1726,5888,131,J46610530,22,Ejecutiva,FALSO,J46610530
2540,ADC6283-2540,6633,127,T18212951,19,Economica,FALSO,D84069297
2288,NCY5615-2288,7403,116,Y23187711,28,Primera clase,VERDADERO,X66304032
92,UAN2468-0092,472,99,F23633774,25,Economica,FALSO,N68461604
4236,LAW1134-4236,1361,97,T72132858,11,Economica,VERDADERO,C63211080
2226,LRC4743-2226,2243,110,L94336722,10,Primera clase,FALSO,L94336722
1286,XLE5111-1286,2274,112,M25657749,21,Primera clase,VERDADERO,M25657749
2556,LRC9669-2556,606,130,Z87364523,24,Primera clase,VERDADERO,F89276118
736,XLE3285-0736,9531,125,D64763364,3,Economica,VERDADERO,D64763364
2910,LAW6351-2910,3810,105,V79731274,28,Primera clase,FALSO,V79731274
1016,UAN2468-1016,4726,99,F09235820,28,Economica,VERDADERO,F09235820
4396,LAW6351-4396,8163,105,O01507856,11,Primera clase,FALSO,C63211080
2029,AZI6476-2029,4684,101,J34719947,3,Economica,VERDADERO,H44001820
2288,NCY5615-2288,6965,116,Y23187711,22,Primera clase,VERDADERO,R56995721
1480,LUD7177-1480,1895,121,V39868007,26,Primera clase,VERDADERO,Q76465555
3396,ADC6283-3396,3329,127,H44001820,5,Primera clase,VERDADERO,D46250570
4396,LAW6351-4396,7333,105,O01507856,20,Primera clase,VERDADERO,Z51226931
628,NCY1133-0628,8037,122,J76795477,5,Ejecutiva,VERDADERO,T72132858
182,IBE2338-0182,7840,104,J39937043,14,Primera clase,VERDADERO,J39937043
4523,KEA7139-4523,2226,113,L56496275,2,Economica,FALSO,Q62966391
538,MPH1782-0538,4287,118,F15206543,23,Economica,VERDADERO,I19062847
736,XLE3285-0736,7666,125,D64763364,9,Ejecutiva,FALSO,D84069297
2633,COG3144-2633,6555,98,I19062847,21,Economica,FALSO,I19062847
3974,ETA6742-3974,3138,120,H23592194,21,Primera clase,FALSO,H23592194
2542,BTA8394-2542,9885,128,I19062847,7,Primera clase,VERDADERO,I19062847
3679,BTA9626-3679,114,103,J76795477,29,Economica,VERDADERO,J46009647
2276,KEA7139-2276,5345,113,R17782317,27,Economica,VERDADERO,L97895867
4902,COG4299-4902,4198,129,F15206543,28,Economica,FALSO,O41678476
3712,IBE2338-3712,9995,104,U37349664,27,Primera clase,VERDADERO,D99418548
219,LAW6351-0219,246,105,L56496275,7,Economica,FALSO,L56496275
3668,LUD5927-3668,3235,102,I19062847,29,Primera clase,VERDADERO,I19062847
2578,LAT2175-2578,670,132,Y88079794,7,Primera clase,VERDADERO,P34583903
4265,AZI6476-4265,2928,101,Q62966391,26,Economica,FALSO,Q62966391
1082,BTA9626-1082,3083,103,V79731274,28,Ejecutiva,FALSO,V79731274
3832,KEA7139-3832,8398,113,J47009281,12,Primera clase,VERDADERO,U37349664
2964,UCA4751-2964,4463,107,Y88079794,9,Ejecutiva,VERDADERO,J39937043
1970,LAW1134-1970,2906,97,Z87364523,16,Primera clase,VERDADERO,X66304032
820,COG4299-0820,7155,129,J34719947,21,Economica,FALSO,J34719947
3421,LRC9669-3421,4274,130,B30315997,13,Primera clase,FALSO,D84069297
3294,ETA6742-3294,4478,120,N07672370,2,Primera clase,FALSO,D76513142
531,EAL8271-0531,5536,117,N15841852,19,Ejecutiva,FALSO,T18212951
2844,AZI6476-2844,9747,101,O04335063,17,Ejecutiva,FALSO,N47846939
405,XLE5111-0405,7880,112,Z87364523,14,Ejecutiva,VERDADERO,D39176940
4247,UAN2468-4247,2626,99,N49905893,15,Ejecutiva,VERDADERO,H44001820
1007,COG3144-1007,7804,98,Z09262256,8,Economica,VERDADERO,L94336722
444,KAI3589-0444,4471,115,X66304032,25,Primera clase,FALSO,X66304032
2048,LUD5927-2048,436,102,J86333952,2,Economica,VERDADERO,E44895667
159,AZI6476-0159,4327,101,C59429415,25,Economica,VERDADERO,N55362278
905,LAW6318-0905,5864,96,F89276118,26,Ejecutiva,VERDADERO,L94336722
834,LRC9669-0834,8172,130,J46610530,9,Economica,FALSO,J46610530
736,XLE3285-0736,8314,125,D64763364,26,Ejecutiva,VERDADERO,C87025090
2988,UAN2881-2988,9508,108,N07672370,17,Ejecutiva,FALSO,N07672370
3772,UAN2881-3772,2220,108,X84322989,19,Economica,VERDADERO,X84322989
1037,LAT5532-1037,384,100,X66304032,18,Primera clase,VERDADERO,X66304032
842,LAM9574-0842,7042,131,K07643594,8,Ejecutiva,VERDADERO,D76513142
1515,NCY1133-1515,5471,122,C63211080,8,Ejecutiva,FALSO,C59429415
2577,LAM9574-2577,5029,131,P84627985,5,Economica,FALSO,N24258653
4064,XLE3285-4064,5275,125,X66304032,14,Economica,FALSO,S05106445
3394,QAF4466-3394,8630,126,J46610530,13,Ejecutiva,FALSO,N24258653
3376,XLE3285-3376,9855,125,T72132858,19,Primera clase,FALSO,T33834498
538,MPH1782-0538,46,118,F15206543,21,Economica,VERDADERO,I71394677
4604,ETA7128-4604,8056,114,C87025090,24,Economica,FALSO,Z09262256
4396,LAW6351-4396,224,105,O01507856,32,Ejecutiva,VERDADERO,R10584802
2621,LAW6318-2621,2153,96,I19062847,17,Ejecutiva,VERDADERO,T18212951
2543,COG4299-2543,3002,129,N49905893,22,Economica,VERDADERO,N49905893
736,XLE3285-0736,840,125,D64763364,28,Economica,FALSO,Y23187711
3339,EAL7933-3339,1959,123,N47846939,26,Economica,FALSO,N47846939
159,AZI6476-0159,265,101,C59429415,19,Ejecutiva,FALSO,C59429415
3845,KAI3589-3845,4062,115,G15489494,22,Economica,VERDADERO,I71394677
3972,ADC8249-3972,4381,119,U68917595,23,Economica,VERDADERO,X66304032
435,ETA7128-0435,65,114,O04335063,25,Economica,FALSO,O85238546
4697,ADC8249-4697,4213,119,D64763364,8,Economica,VERDADERO,I63697476
4158,COG4299-4158,5661,129,P11550487,16,Economica,FALSO,P11550487
4772,XLE3285-4772,8076,125,V03976673,18,Economica,FALSO,V03976673
4831,BTA8394-4831,8783,128,F23633774,4,Economica,VERDADERO,F23633774
2556,LRC9669-2556,8835,130,Z87364523,11,Economica,VERDADERO,T59160871
4979,LAT2175-4979,8180,132,X66304032,25,Ejecutiva,FALSO,X66304032
1687,BTA8394-1687,9189,128,N47846939,26,Primera clase,FALSO,N47846939
2542,BTA8394-2542,1146,128,I19062847,20,Economica,FALSO,Q76465555
2515,QAF4466-2515,6214,126,T18212951,1,Primera clase,VERDADERO,P84627985
3463,LAT2175-3463,2142,132,V79731274,21,Primera clase,FALSO,V79731274
1196,LAM9554-1196,7102,109,X49704522,10,Primera clase,VERDADERO,X49704522
2577,LAM9574-2577,4105,131,P84627985,7,Economica,FALSO,P84627985
3405,BTA8394-3405,8459,128,G69357980,5,Primera clase,FALSO,G69357980
2504,XLE3285-2504,4856,125,L87663260,7,Economica,FALSO,Y13424296
2465,NCY1133-2465,4966,122,G69357980,2,Economica,VERDADERO,M25657749
2578,LAT2175-2578,2097,132,Y88079794,8,Economica,VERDADERO,Y88079794
3394,QAF4466-3394,181,126,J46610530,25,Ejecutiva,FALSO,Z87364523
4160,LRC9669-4160,2636,130,W06120402,7,Ejecutiva,VERDADERO,W06120402
2515,QAF4466-2515,8266,126,T18212951,12,Ejecutiva,FALSO,Z09262256
1051,AZI6476-1051,4275,101,Z87364523,24,Ejecutiva,VERDADERO,Z87364523
4241,COG3144-4241,6330,98,X66304032,23,Ejecutiva,FALSO,V79731274
4727,LUD7177-4727,420,121,Z09262256,10,Economica,FALSO,X66304032
4186,LAT2175-4186,8535,132,T33834498,22,Economica,FALSO,M25657749
1749,KAI7891-1749,9823,133,I63697476,14,Economica,FALSO,I63697476
736,XLE3285-0736,6672,125,D64763364,30,Ejecutiva,FALSO,J46009647
894,XLE7933-0894,681,95,S05106445,8,Ejecutiva,VERDADERO,H44001820
1995,LAT5532-1995,8911,100,M25657749,6,Economica,FALSO,M25657749
3294,ETA6742-3294,5384,120,N07672370,20,Primera clase,VERDADERO,N07672370
2500,IBE8751-2500,7720,124,T59160871,15,Economica,FALSO,N15841852
1687,BTA8394-1687,5779,128,N47846939,25,Economica,FALSO,N55362278
4782,QAF4466-4782,4052,126,Y33413387,14,Ejecutiva,FALSO,J34719947
3825,XLE5111-3825,7198,112,W23173820,18,Economica,VERDADERO,Y38354449
4669,MPH1782-4669,3813,118,Z09262256,19,Economica,FALSO,R17782317
797,ADC6283-0797,3026,127,O85238546,29,Economica,FALSO,D76513142
1080,LUD5927-1080,1500,102,R56995721,26,Economica,FALSO,Y05451726
4160,LRC9669-4160,2008,130,W06120402,19,Ejecutiva,FALSO,Q62966391
2339,MPH1782-2339,7043,118,D64763364,16,Primera clase,FALSO,D64763364
3845,KAI3589-3845,99,115,G15489494,3,Ejecutiva,FALSO,G15489494
905,LAW6318-0905,256,96,F89276118,2,Ejecutiva,FALSO,D46250570
2301,EAL8271-2301,380,117,W23173820,23,Economica,VERDADERO,G15489494
1623,XLE3285-1623,190,125,O01507856,31,Economica,VERDADERO,O01507856
3168,ETA7128-3168,694,114,P84627985,18,Economica,FALSO,P34583903
414,KEA7139-0414,9054,113,Y33413387,8,Primera clase,VERDADERO,J86333952
4033,IBE8751-4033,4769,124,J86333952,22,Primera clase,FALSO,J34719947
1699,COG4299-1699,8667,129,I19062847,17,Economica,VERDADERO,J76795477
231,UAN2881-0231,7411,108,N68461604,5,Economica,VERDADERO,G15489494
3752,UCA4751-3752,7007,107,Z09262256,1,Ejecutiva,VERDADERO,K07643594
2704,UAN2468-2704,4696,99,X84322989,24,Economica,VERDADERO,T18212951
4437,UAN2881-4437,7299,108,J46610530,4,Economica,FALSO,F15206543
4123,QAF4466-4123,9562,126,J39937043,19,Economica,FALSO,J39937043
2029,AZI6476-2029,9559,101,J34719947,15,Economica,FALSO,J34719947
3891,EAL8271-3891,1591,117,J86333952,9,Primera clase,VERDADERO,I71542181
2936,QAF6392-2936,569,106,F09235820,22,Economica,VERDADERO,Y38354449
1749,KAI7891-1749,9081,133,I63697476,29,Ejecutiva,VERDADERO,I71542181
4268,LUD5927-4268,6552,102,V03976673,17,Economica,FALSO,P84627985
736,XLE3285-0736,4997,125,D64763364,2,Economica,VERDADERO,J39937043
2936,QAF6392-2936,3901,106,F09235820,21,Economica,FALSO,F09235820
905,LAW6318-0905,1910,96,F89276118,4,Primera clase,FALSO,N49905893
3999,NCY1133-3999,3904,122,H23592194,13,Economica,VERDADERO,H23592194
414,KEA7139-0414,2613,113,Y33413387,10,Economica,FALSO,Y33413387
3298,LUD7177-3298,7618,121,C59429415,12,Economica,FALSO,C59429415
3409,COG4299-3409,4056,129,X84322989,3,Economica,VERDADERO,X84322989
1433,ADC8249-1433,622,119,N49905893,5,Economica,VERDADERO,D84069297
4604,ETA7128-4604,4303,114,C87025090,5,Economica,FALSO,C87025090
1515,NCY1133-1515,6582,122,C63211080,7,Economica,FALSO,C63211080
2262,COG7539-2262,5763,111,F69466449,30,Economica,FALSO,C59429415
2543,COG4299-2543,7745,129,N49905893,8,Ejecutiva,VERDADERO,I71542181
3978,LUD7177-3978,5169,121,G15489494,28,Ejecutiva,FALSO,L56496275
2054,BTA9626-2054,5287,103,J39937043,21,Ejecutiva,FALSO,J39937043
4490,XLE5111-4490,6554,112,D64763364,20,Ejecutiva,FALSO,D64763364
3405,BTA8394-3405,8512,128,G69357980,24,Primera clase,FALSO,O01507856
4763,EAL7933-4763,1836,123,D39176940,1,Primera clase,VERDADERO,F09235820
2578,LAT2175-2578,6024,132,Y88079794,12,Economica,VERDADERO,U37349664
1269,COG7539-1269,8748,111,G04408945,12,Economica,FALSO,X49704522
531,EAL8271-0531,7091,117,N15841852,2,Ejecutiva,FALSO,O04335063
3333,NCY1133-3333,5854,122,F23633774,12,Primera clase,FALSO,F23633774
3825,XLE5111-3825,1600,112,W23173820,25,Primera clase,VERDADERO,J33947155
1331,ETA7128-1331,1388,114,V03976673,16,Economica,VERDADERO,L94336722
1970,LAW1134-1970,659,97,Z87364523,13,Primera clase,VERDADERO,Z87364523
231,UAN2881-0231,7659,108,N68461604,15,Primera clase,VERDADERO,L94336722
4150,BTA8394-4150,965,128,N15841852,16,Economica,VERDADERO,N15841852
2276,KEA7139-2276,2284,113,R17782317,30,Economica,VERDADERO,Y38354449
2875,BTA9626-2875,8840,103,G15489494,22,Economica,VERDADERO,G15489494
2218,UAN2881-2218,4672,108,L97895867,16,Economica,FALSO,H44001820
2262,COG7539-2262,3500,111,F69466449,31,Economica,FALSO,R17782317
4268,LUD5927-4268,5857,102,V03976673,18,Ejecutiva,VERDADERO,F69466449
3568,COG3144-3568,8980,98,I71394677,14,Primera clase,FALSO,I71394677
2262,COG7539-2262,8903,111,F69466449,14,Economica,VERDADERO,M25657749
3366,IBE8751-3366,9752,124,D46250570,31,Ejecutiva,VERDADERO,D46250570
174,LUD5927-0174,9451,102,I78807927,21,Ejecutiva,FALSO,P11550487
1090,IBE2338-1090,972,104,G15489494,21,Ejecutiva,FALSO,N55362278
2556,LRC9669-2556,3521,130,Z87364523,12,Economica,VERDADERO,A17367163
3564,LAW1134-3564,529,97,Y05451726,29,Primera clase,VERDADERO,R10584802
4669,MPH1782-4669,7355,118,Z09262256,7,Ejecutiva,FALSO,I63697476
3037,LRC4743-3037,3142,110,J47009281,21,Primera clase,FALSO,D39176940
4473,COG7539-4473,565,111,T18212951,23,Primera clase,FALSO,T18212951
1699,COG4299-1699,1598,129,I19062847,29,Economica,FALSO,I19062847
905,LAW6318-0905,35,96,F89276118,22,Economica,FALSO,X49704522
1623,XLE3285-1623,9677,125,O01507856,10,Primera clase,FALSO,V79731274
102,LAT5532-0102,4469,100,G96421276,17,Economica,VERDADERO,O01507856
3231,NCY5615-3231,8327,116,A40223024,23,Economica,VERDADERO,A40223024
4464,LAM9554-4464,2529,109,K07643594,1,Economica,FALSO,R56995721
2048,LUD5927-2048,4492,102,J86333952,4,Ejecutiva,FALSO,D76513142
1082,BTA9626-1082,1152,103,V79731274,20,Primera clase,VERDADERO,O04335063
2133,LAW6351-2133,5164,105,Y13424296,10,Ejecutiva,FALSO,F23633774
3887,NCY5615-3887,2752,116,V03976673,25,Economica,VERDADERO,V03976673
3951,MPH1782-3951,4135,118,C59429415,15,Primera clase,FALSO,U68917595
2151,QAF6392-2151,4016,106,Z09262256,17,Ejecutiva,VERDADERO,H23592194
843,LAT2175-0843,5094,132,G69357980,19,Primera clase,VERDADERO,E44895667
102,LAT5532-0102,5870,100,G96421276,2,Economica,VERDADERO,R56995721
4265,AZI6476-4265,3524,101,Q62966391,12,Ejecutiva,FALSO,D84069297
3817,LRC4743-3817,645,110,D99418548,23,Primera clase,VERDADERO,D99418548
1195,UAN2881-1195,7768,108,J76795477,22,Economica,VERDADERO,I07581924
736,XLE3285-0736,3429,125,D64763364,16,Economica,FALSO,N07672370
3536,XLE7933-3536,9347,95,G04408945,31,Economica,VERDADERO,G04408945
3450,LAM9574-3450,4253,131,A40223024,14,Primera clase,FALSO,L97895867
3819,COG7539-3819,8320,111,X84322989,19,Economica,FALSO,X84322989
3080,XLE5111-3080,2397,112,S03830222,4,Ejecutiva,FALSO,F15206543
3728,LAW6351-3728,3863,105,J47009281,31,Economica,FALSO,J33947155
3298,LUD7177-3298,2550,121,C59429415,30,Primera clase,VERDADERO,Y13424296
4188,KAI7891-4188,4567,133,Y23187711,18,Ejecutiva,FALSO,V79731274
2515,QAF4466-2515,2957,126,T18212951,27,Ejecutiva,VERDADERO,X91486662
1195,UAN2881-1195,4922,108,J76795477,13,Ejecutiva,VERDADERO,T59160871
736,XLE3285-0736,5200,125,D64763364,17,Economica,VERDADERO,I63697476
1618,IBE8751-1618,1291,124,N47846939,20,Economica,FALSO,P84627985
221,QAF6392-0221,4011,106,F69466449,15,Ejecutiva,VERDADERO,A17367163
1722,LRC9669-1722,5956,130,N07672370,14,Ejecutiva,VERDADERO,N07672370
4268,LUD5927-4268,7160,102,V03976673,19,Economica,VERDADERO,C59429415
3366,IBE8751-3366,9078,124,D46250570,3,Ejecutiva,FALSO,D76513142
3037,LRC4743-3037,198,110,J47009281,14,Primera clase,FALSO,J47009281
4634,KAI3589-4634,9658,115,T72132858,28,Ejecutiva,FALSO,T72132858
174,LUD5927-0174,4219,102,I78807927,23,Economica,VERDADERO,O41678476
1733,LAT2175-1733,2237,132,J46009647,11,Primera clase,FALSO,S03830222
4831,BTA8394-4831,2014,128,F23633774,32,Ejecutiva,VERDADERO,J47009281
4922,LRC9669-4922,1358,130,J46009647,21,Economica,VERDADERO,Y33413387
2271,XLE5111-2271,7900,112,P84627985,11,Primera clase,VERDADERO,P84627985
3147,KEA7139-3147,1798,113,J39937043,19,Economica,VERDADERO,J39937043
3712,IBE2338-3712,34,104,U37349664,20,Economica,FALSO,N49905893
2262,COG7539-2262,1834,111,F69466449,13,Economica,FALSO,A17367163
1,XLE7933-0001,8241,95,E44895667,7,Primera clase,FALSO,V03976673
1090,IBE2338-1090,8012,104,G15489494,6,Primera clase,FALSO,S05106445
2616,XLE7933-2616,4061,95,I71542181,23,Primera clase,FALSO,I71542181
3588,UAN2468-3588,7436,99,P34583903,9,Economica,VERDADERO,D46250570
219,LAW6351-0219,213,105,L56496275,12,Primera clase,FALSO,T33834498
4926,LAM9574-4926,5311,131,A17367163,19,Ejecutiva,FALSO,I19062847
4831,BTA8394-4831,5977,128,F23633774,12,Primera clase,VERDADERO,B30315997
4831,BTA8394-4831,8483,128,F23633774,18,Primera clase,FALSO,R56995721
4177,LAM9574-4177,6192,131,Z09262256,3,Economica,VERDADERO,X49704522
4222,LAW6318-4222,9663,96,N49905893,25,Economica,VERDADERO,O41678476
1927,LAW6318-1927,2427,96,N24258653,11,Economica,VERDADERO,J34719947
3080,XLE5111-3080,6168,112,S03830222,12,Primera clase,VERDADERO,D99418548
2193,UCA4751-2193,5705,107,Y23187711,8,Ejecutiva,FALSO,Y23187711
3287,MPH1782-3287,977,118,F69466449,12,Primera clase,FALSO,K07643594
1251,LRC4743-1251,4719,110,S03830222,3,Economica,FALSO,S03830222
219,LAW6351-0219,6873,105,L56496275,21,Primera clase,VERDADERO,J76795477
4160,LRC9669-4160,3507,130,W06120402,20,Primera clase,VERDADERO,L94336722
807,BTA8394-0807,3196,128,D76513142,28,Primera clase,VERDADERO,V39868007
842,LAM9574-0842,3430,131,K07643594,4,Economica,VERDADERO,O04335063
1288,KEA7139-1288,1701,113,S03830222,3,Ejecutiva,VERDADERO,G15489494
2151,QAF6392-2151,7842,106,Z09262256,16,Ejecutiva,FALSO,Z09262256
2465,NCY1133-2465,9726,122,G69357980,9,Economica,VERDADERO,G69357980
4646,NCY5615-4646,1876,116,I19062847,32,Economica,FALSO,Y33413387
444,KAI3589-0444,1369,115,X66304032,29,Economica,VERDADERO,J46610530
3817,LRC4743-3817,33,110,D99418548,25,Primera clase,FALSO,C63211080
4241,COG3144-4241,4257,98,X66304032,4,Economica,FALSO,J33947155
4782,QAF4466-4782,9988,126,Y33413387,31,Economica,FALSO,N15841852
4396,LAW6351-4396,8613,105,O01507856,27,Primera clase,VERDADERO,W06120402
4437,UAN2881-4437,2955,108,J46610530,3,Ejecutiva,VERDADERO,Y88079794
3180,KAI3589-3180,753,115,M25657749,13,Ejecutiva,FALSO,H23592194
3679,BTA9626-3679,2661,103,J76795477,13,Ejecutiva,VERDADERO,F23633774
1113,LAW6351-1113,4246,105,J34719947,29,Economica,FALSO,E44895667
4771,IBE8751-4771,6623,124,I63697476,16,Economica,FALSO,F70729457
3421,LRC9669-3421,540,130,B30315997,16,Primera clase,FALSO,B30315997
2280,ETA7128-2280,2691,114,N24258653,7,Economica,VERDADERO,U37349664
1433,ADC8249-1433,2921,119,N49905893,21,Economica,FALSO,Z87364523
2616,XLE7933-2616,6924,95,I71542181,24,Ejecutiva,VERDADERO,R10584802
372,LRC4743-0372,7782,110,L87663260,12,Ejecutiva,VERDADERO,L87663260
616,ETA6742-0616,4865,120,L87663260,3,Economica,FALSO,Y13424296
1269,COG7539-1269,1856,111,G04408945,5,Primera clase,FALSO,D99418548
1436,ETA6742-1436,1540,120,D39176940,11,Ejecutiva,VERDADERO,T33834498
435,ETA7128-0435,251,114,O04335063,30,Primera clase,VERDADERO,O04335063
3679,BTA9626-3679,8449,103,J76795477,23,Economica,VERDADERO,J76795477
1927,LAW6318-1927,2779,96,N24258653,30,Economica,FALSO,N24258653
3147,KEA7139-3147,3910,113,J39937043,9,Primera clase,FALSO,X84322989
4470,LRC4743-4470,3824,110,X84322989,11,Ejecutiva,FALSO,I19062847
25,COG3144-0025,2415,98,J34719947,11,Economica,FALSO,J46009647
1269,COG7539-1269,4386,111,G04408945,3,Primera clase,VERDADERO,N07672370
4241,COG3144-4241,2496,98,X66304032,17,Primera clase,FALSO,C59429415
945,LAW1134-0945,1610,97,N15841852,12,Primera clase,FALSO,N55362278
623,LUD7177-0623,839,121,N07672370,23,Economica,VERDADERO,N07672370
4660,EAL8271-4660,5481,117,V79731274,17,Primera clase,FALSO,T59160871
1269,COG7539-1269,2136,111,G04408945,29,Economica,FALSO,D64763364
873,KAI7891-0873,8745,133,Y05451726,11,Economica,FALSO,J46009647
4464,LAM9554-4464,66,109,K07643594,18,Primera clase,FALSO,K07643594
1195,UAN2881-1195,2139,108,J76795477,18,Economica,FALSO,J76795477
2414,ADC8249-2414,4331,119,D46250570,14,Primera clase,FALSO,A17367163
2875,BTA9626-2875,5869,103,G15489494,18,Primera clase,VERDADERO,Y38354449
2123,IBE2338-2123,9596,104,J46610530,23,Economica,VERDADERO,J34719947
1,XLE7933-0001,8653,95,E44895667,13,Economica,VERDADERO,D76513142
21,LAW1134-0021,1237,97,V39868007,22,Economica,VERDADERO,O85238546
1269,COG7539-1269,4695,111,G04408945,17,Economica,FALSO,L97895867
3999,NCY1133-3999,899,122,H23592194,10,Economica,VERDADERO,D39176940
174,LUD5927-0174,7101,102,I78807927,9,Economica,VERDADERO,D84069297
1090,IBE2338-1090,7257,104,G15489494,30,Economica,FALSO,X91486662
3564,LAW1134-3564,9144,97,Y05451726,21,Primera clase,VERDADERO,F23633774
1907,XLE7933-1907,1143,95,C87025090,15,Primera clase,VERDADERO,X66304032
3568,COG3144-3568,20,98,I71394677,6,Primera clase,VERDADERO,S05106445
4981,KAI7891-4981,5051,133,O85238546,2,Economica,FALSO,O85238546
2440,ETA6742-2440,4488,120,T18212951,13,Ejecutiva,FALSO,D46250570
4726,ETA6742-4726,4194,120,J86333952,16,Economica,VERDADERO,G96421276
1269,COG7539-1269,9533,111,G04408945,8,Economica,VERDADERO,V03976673
4137,ADC6283-4137,7865,127,G15489494,14,Economica,FALSO,G15489494
9,LAW6318-0009,1247,96,D84069297,18,Economica,FALSO,P84627985
2262,COG7539-2262,6687,111,F69466449,21,Economica,FALSO,W06120402
2964,UCA4751-2964,2920,107,Y88079794,3,Economica,FALSO,Y88079794
820,COG4299-0820,1803,129,J34719947,4,Primera clase,FALSO,L87663260
4123,QAF4466-4123,9323,126,J39937043,11,Primera clase,FALSO,Y38354449
4726,ETA6742-4726,5420,120,J86333952,28,Economica,FALSO,J86333952
489,NCY5615-0489,739,116,X49704522,19,Economica,VERDADERO,J39937043
4763,EAL7933-4763,1539,123,D39176940,20,Ejecutiva,VERDADERO,D39176940
3836,ETA7128-3836,4307,114,F15206543,12,Economica,FALSO,F15206543
3168,ETA7128-3168,8101,114,P84627985,8,Economica,VERDADERO,I71394677
4404,QAF6392-4404,6603,106,R56995721,27,Primera clase,FALSO,F15206543
1699,COG4299-1699,146,129,I19062847,25,Economica,FALSO,D99418548
4660,EAL8271-4660,5238,117,V79731274,11,Primera clase,VERDADERO,X91486662
231,UAN2881-0231,7278,108,N68461604,26,Ejecutiva,FALSO,N68461604
4427,UCA4751-4427,3668,107,F70729457,18,Primera clase,VERDADERO,E44895667
4926,LAM9574-4926,119,131,A17367163,16,Economica,FALSO,A17367163
3825,XLE5111-3825,637,112,W23173820,5,Ejecutiva,VERDADERO,W23173820
222,UCA4751-0222,3771,107,L87663260,6,Economica,VERDADERO,J46009647
1515,NCY1133-1515,2919,122,C63211080,24,Primera clase,FALSO,I78807927
736,XLE3285-0736,9912,125,D64763364,6,Ejecutiva,FALSO,Q76465555
797,ADC6283-0797,4691,127,O85238546,3,Primera clase,FALSO,O85238546
4646,NCY5615-4646,7757,116,I19062847,13,Primera clase,VERDADERO,I19062847
1970,LAW1134-1970,4033,97,Z87364523,24,Economica,VERDADERO,O41678476
102,LAT5532-0102,3482,100,G96421276,7,Ejecutiva,VERDADERO,G96421276
4365,BTA9626-4365,7655,103,D64763364,12,Primera clase,FALSO,N55362278
4763,EAL7933-4763,2862,123,D39176940,32,Ejecutiva,FALSO,N15841852
1678,ADC6283-1678,2028,127,N47846939,23,Primera clase,VERDADERO,Z87364523
222,UCA4751-0222,957,107,L87663260,23,Primera clase,VERDADERO,L87663260
4604,ETA7128-4604,9396,114,C87025090,6,Ejecutiva,VERDADERO,B30315997
372,LRC4743-0372,2089,110,L87663260,22,Economica,FALSO,R17782317
613,ADC8249-0613,7515,119,L56496275,24,Primera clase,FALSO,L56496275
2556,LRC9669-2556,3187,130,Z87364523,15,Economica,FALSO,Z87364523
3568,COG3144-3568,6894,98,I71394677,16,Ejecutiva,VERDADERO,F23633774
92,UAN2468-0092,4340,99,F23633774,7,Economica,FALSO,G15489494
2621,LAW6318-2621,3682,96,I19062847,28,Ejecutiva,VERDADERO,I19062847
3405,BTA8394-3405,5378,128,G69357980,14,Economica,FALSO,Y23187711
1927,LAW6318-1927,3192,96,N24258653,1,Economica,VERDADERO,O01507856
2633,COG3144-2633,791,98,I19062847,2,Economica,FALSO,Z51226931
2910,LAW6351-2910,6358,105,V79731274,8,Primera clase,FALSO,U37349664
4669,MPH1782-4669,9949,118,Z09262256,9,Economica,FALSO,Y05451726
3287,MPH1782-3287,9692,118,F69466449,24,Economica,FALSO,F69466449
4177,LAM9574-4177,7015,131,Z09262256,23,Economica,FALSO,Z09262256
2855,LUD5927-2855,8568,102,C87025090,22,Economica,FALSO,X66304032
3712,IBE2338-3712,5333,104,U37349664,5,Primera clase,VERDADERO,I71542181
3728,LAW6351-3728,1505,105,J47009281,15,Ejecutiva,VERDADERO,F89276118
435,ETA7128-0435,2714,114,O04335063,10,Ejecutiva,VERDADERO,T59160871
4697,ADC8249-4697,3380,119,D64763364,25,Primera clase,FALSO,D64763364
4033,IBE8751-4033,3538,124,J86333952,32,Primera clase,FALSO,J47009281
1080,LUD5927-1080,1726,102,R56995721,5,Primera clase,VERDADERO,R17782317
2875,BTA9626-2875,9947,103,G15489494,25,Economica,VERDADERO,D46250570
4241,COG3144-4241,2072,98,X66304032,24,Economica,FALSO,X66304032
3003,LAM9554-3003,7161,109,C87025090,6,Primera clase,FALSO,G96421276
873,KAI7891-0873,1837,133,Y05451726,13,Economica,FALSO,Y88079794
2988,UAN2881-2988,8299,108,N07672370,20,Economica,VERDADERO,F23633774
1542,EAL7933-1542,8953,123,T59160871,28,Economica,VERDADERO,I78807927
3168,ETA7128-3168,6828,114,P84627985,27,Ejecutiva,VERDADERO,Y38354449
4209,XLE7933-4209,2350,95,M25657749,4,Ejecutiva,VERDADERO,L94336722
2262,COG7539-2262,5862,111,F69466449,18,Economica,VERDADERO,L94336722
3887,NCY5615-3887,8547,116,V03976673,11,Economica,VERDADERO,J33947155
2218,UAN2881-2218,2354,108,L97895867,14,Primera clase,FALSO,I78807927
873,KAI7891-0873,5766,133,Y05451726,21,Primera clase,FALSO,Y05451726
403,COG7539-0403,2339,111,L87663260,11,Primera clase,VERDADERO,L87663260
4123,QAF4466-4123,9204,126,J39937043,30,Economica,FALSO,V39868007
4427,UCA4751-4427,630,107,F70729457,10,Primera clase,VERDADERO,F70729457
4727,LUD7177-4727,1396,121,Z09262256,15,Economica,VERDADERO,X91486662
2280,ETA7128-2280,31,114,N24258653,4,Economica,VERDADERO,N24258653
2577,LAM9574-2577,8480,131,P84627985,11,Economica,FALSO,L56496275
102,LAT5532-0102,5841,100,G96421276,16,Economica,FALSO,N24258653
2262,COG7539-2262,2724,111,F69466449,16,Primera clase,FALSO,I78807927
2890,IBE2338-2890,7567,104,O41678476,22,Economica,FALSO,O41678476
255,LAM9554-0255,9052,109,I63697476,28,Primera clase,VERDADERO,I63697476
4772,XLE3285-4772,854,125,V03976673,24,Economica,FALSO,O85238546
4800,ADC6283-4800,1080,127,I78807927,6,Economica,VERDADERO,U37349664
4758,NCY1133-4758,9593,122,J39937043,25,Ejecutiva,FALSO,E44895667
905,LAW6318-0905,3331,96,F89276118,20,Economica,VERDADERO,W23173820
2625,LAW1134-2625,2168,97,N47846939,20,Economica,VERDADERO,N47846939
1430,MPH1782-1430,986,118,L56496275,18,Economica,VERDADERO,L56496275
2875,BTA9626-2875,117,103,G15489494,14,Economica,VERDADERO,X84322989
3396,ADC6283-3396,5363,127,H44001820,2,Economica,FALSO,G04408945
3752,UCA4751-3752,3611,107,Z09262256,25,Ejecutiva,VERDADERO,Z09262256
4902,COG4299-4902,7484,129,F15206543,6,Economica,FALSO,B30315997
2262,COG7539-2262,2292,111,F69466449,9,Economica,VERDADERO,P11550487
4004,EAL7933-4004,9435,123,I71542181,31,Primera clase,VERDADERO,G96421276
1618,IBE8751-1618,3214,124,N47846939,28,Economica,FALSO,J46009647
2465,NCY1133-2465,2578,122,G69357980,17,Economica,FALSO,A40223024
3294,ETA6742-3294,4764,120,N07672370,5,Primera clase,VERDADERO,K07643594
4004,EAL7933-4004,8829,123,I71542181,19,Primera clase,FALSO,O41678476
905,LAW6318-0905,6016,96,F89276118,19,Ejecutiva,VERDADERO,F89276118
4926,LAM9574-4926,8272,131,A17367163,18,Economica,VERDADERO,D99418548
3080,XLE5111-3080,3139,112,S03830222,22,Ejecutiva,FALSO,X91486662
1991,UAN2468-1991,4170,99,D84069297,29,Economica,VERDADERO,D84069297
2193,UCA4751-2193,7233,107,Y23187711,12,Economica,VERDADERO,U37349664
2281,KAI3589-2281,8217,115,X49704522,15,Primera clase,FALSO,X49704522
174,LUD5927-0174,9569,102,I78807927,10,Ejecutiva,VERDADERO,G69357980
1090,IBE2338-1090,3570,104,G15489494,26,Economica,VERDADERO,A17367163
4473,COG7539-4473,2475,111,T18212951,25,Primera clase,VERDADERO,F15206543
3972,ADC8249-3972,4475,119,U68917595,7,Ejecutiva,FALSO,U68917595
743,QAF4466-0743,348,126,C59429415,22,Ejecutiva,VERDADERO,L56496275
2193,UCA4751-2193,5853,107,Y23187711,4,Ejecutiva,VERDADERO,W06120402
3287,MPH1782-3287,2329,118,F69466449,1,Economica,FALSO,F89276118
1331,ETA7128-1331,4357,114,V03976673,11,Economica,VERDADERO,M25657749
3536,XLE7933-3536,6868,95,G04408945,18,Primera clase,FALSO,G15489494
1007,COG3144-1007,8281,98,Z09262256,12,Economica,FALSO,Z09262256
3037,LRC4743-3037,6212,110,J47009281,17,Economica,FALSO,A40223024
2964,UCA4751-2964,7738,107,Y88079794,26,Primera clase,VERDADERO,I71542181
3293,ADC8249-3293,2821,119,C59429415,9,Primera clase,VERDADERO,P34583903
2262,COG7539-2262,7657,111,F69466449,6,Ejecutiva,VERDADERO,Y23187711
3463,LAT2175-3463,5896,132,V79731274,20,Ejecutiva,VERDADERO,N07672370
736,XLE3285-0736,981,125,D64763364,1,Primera clase,FALSO,J33947155
3293,ADC8249-3293,9031,119,C59429415,17,Primera clase,FALSO,C59429415
1361,KAI3589-1361,8504,115,P11550487,18,Primera clase,VERDADERO,P11550487
3080,XLE5111-3080,8744,112,S03830222,27,Economica,FALSO,S03830222
174,LUD5927-0174,4453,102,I78807927,8,Primera clase,FALSO,I07581924
3003,LAM9554-3003,8724,109,C87025090,15,Economica,VERDADERO,Z87364523
405,XLE5111-0405,6198,112,Z87364523,15,Ejecutiva,VERDADERO,V79731274
4123,QAF4466-4123,8589,126,J39937043,28,Ejecutiva,VERDADERO,H44001820
2621,LAW6318-2621,8715,96,I19062847,23,Economica,VERDADERO,K07643594
3593,AZI6476-3593,9669,101,J33947155,10,Economica,FALSO,N49905893
3147,KEA7139-3147,6463,113,J39937043,25,Economica,VERDADERO,I07581924
1542,EAL7933-1542,2060,123,T59160871,22,Economica,VERDADERO,I71394677
3471,KAI7891-3471,4702,133,X49704522,27,Ejecutiva,FALSO,G15489494
174,LUD5927-0174,3633,102,I78807927,12,Primera clase,FALSO,Y33413387
3237,EAL8271-3237,6441,117,F09235820,25,Ejecutiva,VERDADERO,F09235820
3059,COG7539-3059,1649,111,J33947155,4,Ejecutiva,VERDADERO,G15489494
2542,BTA8394-2542,4538,128,I19062847,27,Primera clase,VERDADERO,C63211080
3231,NCY5615-3231,9822,116,A40223024,24,Economica,FALSO,E44895667
1733,LAT2175-1733,6912,132,J46009647,2,Economica,VERDADERO,R56995721
4727,LUD7177-4727,3441,121,Z09262256,19,Primera clase,FALSO,Z09262256
4922,LRC9669-4922,6586,130,J46009647,5,Ejecutiva,FALSO,J46009647
743,QAF4466-0743,9806,126,C59429415,23,Ejecutiva,VERDADERO,C59429415
255,LAM9554-0255,951,109,I63697476,19,Ejecutiva,VERDADERO,D84069297
3564,LAW1134-3564,7165,97,Y05451726,4,Primera clase,FALSO,Q62966391
2577,LAM9574-2577,8940,131,P84627985,10,Economica,FALSO,P34583903
3394,QAF4466-3394,5007,126,J46610530,24,Economica,VERDADERO,J46610530
2133,LAW6351-2133,5569,105,Y13424296,1,Ejecutiva,FALSO,Y13424296
159,AZI6476-0159,2378,101,C59429415,8,Economica,VERDADERO,N07672370
1288,KEA7139-1288,9141,113,S03830222,21,Ejecutiva,VERDADERO,S03830222
2578,LAT2175-2578,5567,132,Y88079794,18,Economica,VERDADERO,T72132858
2281,KAI3589-2281,8633,115,X49704522,16,Economica,FALSO,H44001820
3819,COG7539-3819,3959,111,X84322989,22,Economica,FALSO,D39176940
1251,LRC4743-1251,9712,110,S03830222,5,Ejecutiva,FALSO,K07643594
2193,UCA4751-2193,1282,107,Y23187711,24,Economica,VERDADERO,N07672370
628,NCY1133-0628,5073,122,J76795477,4,Economica,FALSO,Y38354449
2048,LUD5927-2048,4134,102,J86333952,30,Ejecutiva,FALSO,J86333952
2540,ADC6283-2540,7756,127,T18212951,28,Economica,FALSO,U68917595
3668,LUD5927-3668,2582,102,I19062847,13,Ejecutiva,FALSO,L56496275
4033,IBE8751-4033,6071,124,J86333952,21,Ejecutiva,VERDADERO,G04408945
1975,COG3144-1975,7481,98,R10584802,22,Primera clase,FALSO,R10584802
3972,ADC8249-3972,2859,119,U68917595,18,Primera clase,FALSO,O01507856
3231,NCY5615-3231,6724,116,A40223024,29,Ejecutiva,VERDADERO,F70729457
1361,KAI3589-1361,5642,115,P11550487,26,Primera clase,FALSO,C87025090
3772,UAN2881-3772,4784,108,X84322989,7,Primera clase,VERDADERO,Q62966391
2739,LAT5532-2739,8378,100,R17782317,11,Primera clase,FALSO,J33947155
3450,LAM9574-3450,1487,131,A40223024,13,Ejecutiva,FALSO,A40223024
1,XLE7933-0001,5294,95,E44895667,14,Primera clase,FALSO,W23173820
4265,AZI6476-4265,4390,101,Q62966391,29,Primera clase,FALSO,Y88079794
4404,QAF6392-4404,4982,106,R56995721,1,Economica,VERDADERO,Y13424296
3450,LAM9574-3450,3902,131,A40223024,21,Ejecutiva,VERDADERO,V39868007
1618,IBE8751-1618,4205,124,N47846939,13,Economica,FALSO,J76795477
4470,LRC4743-4470,2140,110,X84322989,26,Economica,VERDADERO,N68461604
3832,KEA7139-3832,7491,113,J47009281,22,Economica,FALSO,J47009281
2739,LAT5532-2739,9095,100,R17782317,28,Economica,VERDADERO,J47009281
3168,ETA7128-3168,4021,114,P84627985,21,Economica,VERDADERO,P84627985
3405,BTA8394-3405,9027,128,G69357980,15,Ejecutiva,FALSO,R10584802
435,ETA7128-0435,308,114,O04335063,28,Ejecutiva,FALSO,N07672370
1722,LRC9669-1722,6139,130,N07672370,6,Economica,VERDADERO,N68461604
4669,MPH1782-4669,3508,118,Z09262256,13,Economica,VERDADERO,Y33413387
1422,EAL8271-1422,4207,117,L87663260,4,Primera clase,FALSO,L87663260
4404,QAF6392-4404,3585,106,R56995721,29,Economica,VERDADERO,R56995721
1269,COG7539-1269,8814,111,G04408945,15,Ejecutiva,FALSO,G04408945
2597,KAI7891-2597,756,133,N15841852,20,Economica,VERDADERO,N15841852
4236,LAW1134-4236,807,97,T72132858,32,Economica,VERDADERO,I63697476
2220,LAM9554-2220,2754,109,L87663260,20,Economica,VERDADERO,H23592194
629,EAL7933-0629,2265,123,I63697476,29,Economica,VERDADERO,L56496275
1480,LUD7177-1480,7872,121,V39868007,18,Economica,VERDADERO,V39868007
4763,EAL7933-4763,9088,123,D39176940,21,Ejecutiva,FALSO,O01507856
3772,UAN2881-3772,2191,108,X84322989,29,Primera clase,VERDADERO,N24258653
2262,COG7539-2262,7761,111,F69466449,24,Economica,VERDADERO,D46250570
1436,ETA6742-1436,7412,120,D39176940,23,Economica,FALSO,E44895667
4490,XLE5111-4490,9085,112,D64763364,28,Economica,FALSO,F70729457
616,ETA6742-0616,7950,120,L87663260,10,Primera clase,VERDADERO,D39176940
3728,LAW6351-3728,7593,105,J47009281,2,Economica,VERDADERO,J47009281
3593,AZI6476-3593,2486,101,J33947155,9,Economica,VERDADERO,Y05451726
435,ETA7128-0435,9748,114,O04335063,17,Economica,FALSO,Z87364523
2500,IBE8751-2500,8830,124,T59160871,19,Economica,VERDADERO,T59160871
4064,XLE3285-4064,7297,125,X66304032,12,Primera clase,VERDADERO,X66304032
1195,UAN2881-1195,7721,108,J76795477,2,Economica,FALSO,L56496275
1037,LAT5532-1037,5679,100,X66304032,15,Economica,VERDADERO,W23173820
736,XLE3285-0736,6837,125,D64763364,4,Primera clase,VERDADERO,G15489494
1090,IBE2338-1090,4541,104,G15489494,11,Economica,FALSO,O04335063
2855,LUD5927-2855,7111,102,C87025090,6,Economica,VERDADERO,C87025090
1678,ADC6283-1678,1261,127,N47846939,27,Primera clase,VERDADERO,T18212951
4268,LUD5927-4268,2446,102,V03976673,24,Primera clase,FALSO,V03976673
1165,UCA4751-1165,5963,107,X84322989,7,Economica,VERDADERO,X84322989
2910,LAW6351-2910,3354,105,V79731274,30,Economica,FALSO,D76513142
3591,LAT5532-3591,4302,100,P11550487,4,Ejecutiva,VERDADERO,F69466449
4771,IBE8751-4771,482,124,I63697476,5,Ejecutiva,VERDADERO,I63697476
182,IBE2338-0182,2943,104,J39937043,28,Primera clase,VERDADERO,N24258653
174,LUD5927-0174,4943,102,I78807927,16,Ejecutiva,VERDADERO,Y88079794
894,XLE7933-0894,3065,95,S05106445,12,Primera clase,VERDADERO,Y23187711
616,ETA6742-0616,7732,120,L87663260,9,Primera clase,VERDADERO,L87663260
4727,LUD7177-4727,5598,121,Z09262256,11,Ejecutiva,FALSO,D46250570
4902,COG4299-4902,2407,129,F15206543,5,Primera clase,VERDADERO,F15206543
2616,XLE7933-2616,1914,95,I71542181,9,Economica,FALSO,T33834498
405,XLE5111-0405,325,112,Z87364523,3,Ejecutiva,FALSO,O85238546
3037,LRC4743-3037,1217,110,J47009281,6,Primera clase,FALSO,J46610530
3421,LRC9669-3421,9749,130,B30315997,18,Economica,FALSO,F69466449
1991,UAN2468-1991,8276,99,D84069297,30,Ejecutiva,VERDADERO,R56995721
4922,LRC9669-4922,1675,130,J46009647,22,Economica,VERDADERO,
3668,LUD5927-3668,7853,102,I19062847,15,Economica,VERDADERO,J46610530
405,XLE5111-0405,3741,112,Z87364523,8,Economica,FALSO,Z87364523
221,QAF6392-0221,3945,106,F69466449,19,Economica,FALSO,N15841852
2497,EAL7933-2497,9029,123,R56995721,9,Ejecutiva,VERDADERO,R17782317
1113,LAW6351-1113,1678,105,J34719947,4,Primera clase,VERDADERO,T59160871
4727,LUD7177-4727,4091,121,Z09262256,2,Economica,FALSO,I07581924
2054,BTA9626-2054,6684,103,J39937043,9,Primera clase,FALSO,L56496275
92,UAN2468-0092,1926,99,F23633774,20,Economica,FALSO,F23633774
4669,MPH1782-4669,7884,118,Z09262256,2,Primera clase,FALSO,G69357980
2497,EAL7933-2497,6685,123,R56995721,18,Economica,FALSO,R56995721
1726,LAM9574-1726,4349,131,J46610530,12,Economica,VERDADERO,I71542181
3972,ADC8249-3972,5128,119,U68917595,28,Economica,FALSO,F09235820
4782,QAF4466-4782,134,126,Y33413387,5,Ejecutiva,FALSO,Y33413387
4177,LAM9574-4177,6844,131,Z09262256,15,Ejecutiva,FALSO,Z87364523
3775,LAM9554-3775,9634,109,V39868007,9,Economica,FALSO,V39868007
3536,XLE7933-3536,967,95,G04408945,27,Economica,VERDADERO,Y13424296
3409,COG4299-3409,353,129,X84322989,23,Economica,FALSO,F89276118
2704,UAN2468-2704,4457,99,X84322989,10,Primera clase,FALSO,X84322989
736,XLE3285-0736,7163,125,D64763364,23,Economica,FALSO,L94336722
3471,KAI7891-3471,7647,133,X49704522,23,Economica,FALSO,X49704522
1090,IBE2338-1090,8156,104,G15489494,9,Economica,VERDADERO,G15489494
3405,BTA8394-3405,7913,128,G69357980,6,Economica,FALSO,A40223024
1699,COG4299-1699,3739,129,I19062847,10,Primera clase,VERDADERO,J33947155
4473,COG7539-4473,7914,111,T18212951,26,Economica,VERDADERO,R56995721
1907,XLE7933-1907,4510,95,C87025090,17,Primera clase,FALSO,D99418548
3593,AZI6476-3593,2710,101,J33947155,18,Primera clase,VERDADERO,I19062847
1037,LAT5532-1037,8174,100,X66304032,29,Economica,FALSO,D99418548
1269,COG7539-1269,5074,111,G04408945,7,Primera clase,VERDADERO,G96421276
4236,LAW1134-4236,1674,97,T72132858,19,Economica,FALSO,T72132858
1515,NCY1133-1515,193,122,C63211080,1,Economica,FALSO,X66304032
4523,KEA7139-4523,1443,113,L56496275,31,Ejecutiva,FALSO,L56496275
4727,LUD7177-4727,9751,121,Z09262256,21,Economica,VERDADERO,S05106445
1995,LAT5532-1995,5522,100,M25657749,24,Primera clase,VERDADERO,Y13424296
4646,NCY5615-4646,631,116,I19062847,21,Primera clase,FALSO,O41678476
3564,LAW1134-3564,2586,97,Y05451726,15,Ejecutiva,VERDADERO,I07581924
3003,LAM9554-3003,8877,109,C87025090,21,Ejecutiva,FALSO,C87025090
3593,AZI6476-3593,8476,101,J33947155,20,Economica,FALSO,K07643594
4158,COG4299-4158,5539,129,P11550487,27,Ejecutiva,FALSO,Y23187711
3974,ETA6742-3974,872,120,H23592194,15,Economica,FALSO,A17367163
1405,NCY5615-1405,6144,116,T33834498,26,Ejecutiva,VERDADERO,T33834498
842,LAM9574-0842,7587,131,K07643594,9,Ejecutiva,FALSO,X84322989
538,MPH1782-0538,3595,118,F15206543,20,Economica,FALSO,F15206543
1037,LAT5532-1037,8501,100,X66304032,13,Ejecutiva,VERDADERO,I07581924
2226,LRC4743-2226,853,110,L94336722,16,Economica,FALSO,V03976673
4365,BTA9626-4365,9203,103,D64763364,1,Economica,VERDADERO,D64763364
2448,LUD7177-2448,9252,121,N15841852,7,Economica,VERDADERO,W23173820
21,LAW1134-0021,4238,97,V39868007,30,Ejecutiva,FALSO,V39868007
3366,IBE8751-3366,1978,124,D46250570,10,Economica,VERDADERO,W06120402
3588,UAN2468-3588,7651,99,P34583903,11,Primera clase,VERDADERO,P34583903
1331,ETA7128-1331,8842,114,V03976673,15,Economica,VERDADERO,V39868007
4263,LAT5532-4263,6558,100,V03976673,1,Economica,FALSO,C87025090
1687,BTA8394-1687,1377,128,N47846939,19,Economica,VERDADERO,O04335063
1687,BTA8394-1687,8496,128,N47846939,10,Primera clase,FALSO,N49905893
3887,NCY5615-3887,2782,116,V03976673,30,Ejecutiva,FALSO,J47009281
4427,UCA4751-4427,4694,107,F70729457,16,Primera clase,VERDADERO,B30315997
1286,XLE5111-1286,6570,112,M25657749,19,Economica,VERDADERO,P11550487
2875,BTA9626-2875,6638,103,G15489494,7,Economica,FALSO,L94336722
4236,LAW1134-4236,1285,97,T72132858,17,Ejecutiva,VERDADERO,Z09262256
628,NCY1133-0628,7767,122,J76795477,6,Economica,VERDADERO,J76795477
4372,IBE2338-4372,6140,104,L97895867,3,Economica,FALSO,R17782317
2625,LAW1134-2625,7303,97,N47846939,25,Economica,VERDADERO,Y05451726
2448,LUD7177-2448,5274,121,N15841852,16,Ejecutiva,FALSO,N15841852
531,EAL8271-0531,9744,117,N15841852,8,Ejecutiva,FALSO,N15841852
1080,LUD5927-1080,3111,102,R56995721,25,Economica,VERDADERO,D99418548
3845,KAI3589-3845,6211,115,G15489494,17,Economica,VERDADERO,O04335063
4772,XLE3285-4772,5777,125,V03976673,21,Economica,VERDADERO,U68917595
3712,IBE2338-3712,3895,104,U37349664,32,Ejecutiva,FALSO,U37349664
4033,IBE8751-4033,7212,124,J86333952,1,Economica,FALSO,J86333952
1288,KEA7139-1288,2431,113,S03830222,23,Economica,VERDADERO,L87663260
4523,KEA7139-4523,4991,113,L56496275,1,Ejecutiva,VERDADERO,T33834498
2448,LUD7177-2448,493,121,N15841852,1,Ejecutiva,FALSO,Y88079794
9,LAW6318-0009,1103,96,D84069297,14,Primera clase,FALSO,D84069297
2890,IBE2338-2890,5995,104,O41678476,31,Economica,VERDADERO,Y88079794
1970,LAW1134-1970,394,97,Z87364523,31,Primera clase,VERDADERO,X84322989
820,COG4299-0820,4806,129,J34719947,19,Economica,VERDADERO,F09235820
174,LUD5927-0174,9302,102,I78807927,20,Economica,VERDADERO,G04408945
2281,KAI3589-2281,2195,115,X49704522,14,Economica,VERDADERO,M25657749
842,LAM9574-0842,442,131,K07643594,25,Economica,FALSO,K07643594
2440,ETA6742-2440,6539,120,T18212951,14,Primera clase,FALSO,Q62966391
372,LRC4743-0372,3120,110,L87663260,15,Economica,VERDADERO,H23592194
4137,ADC6283-4137,4012,127,G15489494,4,Ejecutiva,FALSO,F89276118
1907,XLE7933-1907,1637,95,C87025090,16,Economica,FALSO,C87025090
3951,MPH1782-3951,881,118,C59429415,26,Economica,VERDADERO,C59429415
1618,IBE8751-1618,8996,124,N47846939,25,Economica,FALSO,N47846939
3739,QAF6392-3739,6113,106,H44001820,14,Primera clase,VERDADERO,P11550487
613,ADC8249-0613,6604,119,L56496275,15,Economica,FALSO,V79731274
2504,XLE3285-2504,3230,125,L87663260,5,Economica,VERDADERO,L87663260
221,QAF6392-0221,7293,106,F69466449,5,Ejecutiva,VERDADERO,P34583903
3287,MPH1782-3287,9135,118,F69466449,17,Ejecutiva,FALSO,S03830222
2988,UAN2881-2988,1445,108,N07672370,12,Ejecutiva,VERDADERO,A17367163
1733,LAT2175-1733,583,132,J46009647,17,Primera clase,FALSO,J46009647
2597,KAI7891-2597,1911,133,N15841852,25,Economica,FALSO,N47846939
4427,UCA4751-4427,8864,107,F70729457,15,Ejecutiva,VERDADERO,Y05451726
2054,BTA9626-2054,6123,103,J39937043,19,Economica,FALSO,H44001820
2844,AZI6476-2844,7716,101,O04335063,28,Economica,VERDADERO,B30315997
629,EAL7933-0629,1568,123,I63697476,13,Economica,VERDADERO,I63697476
3974,ETA6742-3974,5810,120,H23592194,22,Economica,VERDADERO,P84627985
25,COG3144-0025,5940,98,J34719947,10,Economica,VERDADERO,J34719947
102,LAT5532-0102,7256,100,G96421276,27,Economica,VERDADERO,V39868007
3591,LAT5532-3591,4983,100,P11550487,20,Economica,VERDADERO,Z51226931
4188,KAI7891-4188,1016,133,Y23187711,9,Economica,FALSO,Y23187711
4150,BTA8394-4150,3921,128,N15841852,30,Ejecutiva,FALSO,D76513142
1515,NCY1133-1515,8029,122,C63211080,26,Economica,VERDADERO,Z09262256
2616,XLE7933-2616,5525,95,I71542181,10,Ejecutiva,VERDADERO,N15841852
3887,NCY5615-3887,2433,116,V03976673,27,Ejecutiva,VERDADERO,G96421276
3396,ADC6283-3396,2806,127,H44001820,13,Economica,FALSO,H44001820
2339,MPH1782-2339,3174,118,D64763364,14,Primera clase,FALSO,G15489494
1016,UAN2468-1016,2975,99,F09235820,13,Economica,FALSO,D39176940
1430,MPH1782-1430,2725,118,L56496275,4,Economica,FALSO,P84627985
2414,ADC8249-2414,8608,119,D46250570,26,Economica,VERDADERO,D46250570
2029,AZI6476-2029,5120,101,J34719947,4,Economica,FALSO,F69466449
1080,LUD5927-1080,9560,102,R56995721,28,Ejecutiva,FALSO,R56995721
3951,MPH1782-3951,4102,118,C59429415,27,Economica,VERDADERO,S05106445
3293,ADC8249-3293,3081,119,C59429415,27,Ejecutiva,VERDADERO,C63211080
3543,LAW6318-3543,6020,96,N55362278,24,Ejecutiva,FALSO,N55362278
2123,IBE2338-2123,1340,104,J46610530,18,Economica,VERDADERO,V79731274
3752,UCA4751-3752,9750,107,Z09262256,27,Economica,FALSO,N47846939
3591,LAT5532-3591,5408,100,P11550487,3,Economica,FALSO,P11550487
3463,LAT2175-3463,6990,132,V79731274,24,Primera clase,FALSO,F23633774
444,KAI3589-0444,5552,115,X66304032,4,Economica,FALSO,J76795477
3298,LUD7177-3298,2781,121,C59429415,9,Ejecutiva,VERDADERO,O85238546
4247,UAN2468-4247,4209,99,N49905893,21,Economica,VERDADERO,Y13424296
3339,EAL7933-3339,2938,123,N47846939,30,Economica,FALSO,J47009281
3832,KEA7139-3832,705,113,J47009281,26,Economica,FALSO,F69466449
1722,LRC9669-1722,2755,130,N07672370,1,Primera clase,FALSO,C63211080
3376,XLE3285-3376,5335,125,T72132858,8,Economica,VERDADERO,T72132858
181,BTA9626-0181,1805,103,F89276118,4,Ejecutiva,FALSO,F89276118
3421,LRC9669-3421,9048,130,B30315997,17,Primera clase,VERDADERO,S03830222
4186,LAT2175-4186,3100,132,T33834498,14,Economica,FALSO,T33834498
945,LAW1134-0945,9315,97,N15841852,7,Economica,VERDADERO,N15841852
2739,LAT5532-2739,5390,100,R17782317,14,Economica,FALSO,R17782317
3591,LAT5532-3591,1970,100,P11550487,5,Economica,FALSO,G69357980
2844,AZI6476-2844,9497,101,O04335063,11,Economica,VERDADERO,T18212951
2597,KAI7891-2597,4866,133,N15841852,8,Ejecutiva,FALSO,F70729457
2262,COG7539-2262,7726,111,F69466449,28,Economica,VERDADERO,F69466449
1749,KAI7891-1749,148,133,I63697476,26,Economica,FALSO,Y38354449
4800,ADC6283-4800,8291,127,I78807927,20,Primera clase,FALSO,I78807927
4646,NCY5615-4646,7073,116,I19062847,5,Economica,VERDADERO,Z09262256
3394,QAF4466-3394,1065,126,J46610530,26,Economica,FALSO,S05106445
3405,BTA8394-3405,4849,128,G69357980,23,Primera clase,FALSO,X49704522
4064,XLE3285-4064,4193,125,X66304032,15,Economica,VERDADERO,N49905893
4660,EAL8271-4660,2163,117,V79731274,20,Economica,VERDADERO,H23592194
873,KAI7891-0873,9807,133,Y05451726,7,Economica,FALSO,T72132858
3366,IBE8751-3366,6581,124,D46250570,14,Ejecutiva,FALSO,X49704522
1007,COG3144-1007,6515,98,Z09262256,13,Economica,VERDADERO,J86333952
174,LUD5927-0174,6357,102,I78807927,14,Economica,FALSO,I78807927
2271,XLE5111-2271,1179,112,P84627985,9,Ejecutiva,FALSO,F89276118
4523,KEA7139-4523,2006,113,L56496275,28,Economica,FALSO,W23173820
629,EAL7933-0629,8752,123,I63697476,25,Economica,VERDADERO,P34583903
1975,COG3144-1975,6070,98,R10584802,15,Economica,FALSO,Y13424296
2625,LAW1134-2625,90,97,N47846939,3,Economica,VERDADERO,U37349664
4263,LAT5532-4263,4776,100,V03976673,8,Economica,FALSO,T72132858
3366,IBE8751-3366,6996,124,D46250570,2,Economica,FALSO,K07643594
2133,LAW6351-2133,1090,105,Y13424296,22,Ejecutiva,VERDADERO,I71542181
2633,COG3144-2633,5203,98,I19062847,9,Economica,FALSO,
1051,AZI6476-1051,9059,101,Z87364523,5,Economica,VERDADERO,T72132858
4265,AZI6476-4265,1968,101,Q62966391,21,Ejecutiva,FALSO,L87663260
1975,COG3144-1975,7107,98,R10584802,20,Economica,FALSO,Y88079794
4004,EAL7933-4004,4165,123,I71542181,27,Economica,VERDADERO,I71542181
2543,COG4299-2543,1548,129,N49905893,26,Primera clase,FALSO,N55362278
3887,NCY5615-3887,9607,116,V03976673,31,Economica,FALSO,K07643594
2220,LAM9554-2220,7617,109,L87663260,16,Ejecutiva,VERDADERO,P11550487
1155,QAF6392-1155,3107,106,Q62966391,20,Primera clase,FALSO,X49704522
221,QAF6392-0221,927,106,F69466449,13,Primera clase,VERDADERO,F69466449
834,LRC9669-0834,707,130,J46610530,10,Economica,VERDADERO,N55362278
1970,LAW1134-1970,9352,97,Z87364523,18,Ejecutiva,VERDADERO,L87663260
4926,LAM9574-4926,7305,131,A17367163,17,Ejecutiva,VERDADERO,D46250570
2440,ETA6742-2440,7103,120,T18212951,12,Ejecutiva,VERDADERO,T18212951
3147,KEA7139-3147,3360,113,J39937043,24,Ejecutiva,VERDADERO,Q76465555
4727,LUD7177-4727,4588,121,Z09262256,14,Ejecutiva,VERDADERO,J47009281
3396,ADC6283-3396,8335,127,H44001820,16,Economica,FALSO,K07643594
2276,KEA7139-2276,1929,113,R17782317,14,Ejecutiva,VERDADERO,R17782317
4209,XLE7933-4209,81,95,M25657749,20,Economica,VERDADERO,T18212951
4634,KAI3589-4634,8309,115,T72132858,19,Primera clase,VERDADERO,Q76465555
4150,BTA8394-4150,2766,128,N15841852,29,Economica,VERDADERO,G15489494
174,LUD5927-0174,8435,102,I78807927,27,Economica,VERDADERO,S03830222
3978,LUD7177-3978,9739,121,G15489494,17,Ejecutiva,VERDADERO,I63697476
1678,ADC6283-1678,4775,127,N47846939,26,Economica,VERDADERO,N47846939
3298,LUD7177-3298,7542,121,C59429415,8,Ejecutiva,FALSO,F70729457
4727,LUD7177-4727,4792,121,Z09262256,13,Ejecutiva,FALSO,K07643594
2301,EAL8271-2301,7215,117,W23173820,24,Economica,FALSO,W23173820
4064,XLE3285-4064,8737,125,X66304032,13,Ejecutiva,VERDADERO,R17782317
2054,BTA9626-2054,5672,103,J39937043,8,Economica,VERDADERO,Z87364523
3836,ETA7128-3836,4668,114,F15206543,13,Economica,FALSO,T72132858
4372,IBE2338-4372,9630,104,L97895867,7,Primera clase,FALSO,L97895867
2540,ADC6283-2540,5030,127,T18212951,30,Primera clase,FALSO,N68461604
894,XLE7933-0894,7883,95,S05106445,30,Ejecutiva,VERDADERO,S05106445
2414,ADC8249-2414,8296,119,D46250570,16,Economica,VERDADERO,F23633774
1726,LAM9574-1726,6576,131,J46610530,2,Economica,VERDADERO,O41678476
2578,LAT2175-2578,8371,132,Y88079794,23,Economica,VERDADERO,O04335063
736,XLE3285-0736,4956,125,D64763364,11,Economica,FALSO,
1515,NCY1133-1515,6869,122,C63211080,27,Economica,FALSO,X91486662
3772,UAN2881-3772,7558,108,X84322989,30,Economica,FALSO,S03830222
1016,UAN2468-1016,4985,99,F09235820,6,Primera clase,FALSO,O01507856
4158,COG4299-4158,9966,129,P11550487,24,Primera clase,FALSO,N68461604
4758,NCY1133-4758,5129,122,J39937043,20,Economica,FALSO,J39937043
2515,QAF4466-2515,2382,126,T18212951,21,Economica,VERDADERO,T18212951
2123,IBE2338-2123,4249,104,J46610530,12,Economica,FALSO,J46610530
4470,LRC4743-4470,8880,110,X84322989,27,Ejecutiva,VERDADERO,X84322989
1155,QAF6392-1155,4462,106,Q62966391,28,Primera clase,VERDADERO,Q62966391
843,LAT2175-0843,7472,132,G69357980,13,Ejecutiva,FALSO,G69357980
4247,UAN2468-4247,7594,99,N49905893,27,Primera clase,FALSO,L97895867
3059,COG7539-3059,1545,111,J33947155,32,Economica,FALSO,J33947155
1642,QAF4466-1642,994,126,V79731274,29,Ejecutiva,FALSO,V79731274
3543,LAW6318-3543,9017,96,N55362278,21,Primera clase,FALSO,R10584802
1007,COG3144-1007,6779,98,Z09262256,29,Primera clase,FALSO,S03830222
